Title,Author,Publication Date,Location,Genre,URL
Toilers of the Sea,Victor Hugo,Publication date 1866 (first edition),Belgium,[],http://www.loyalbooks.com/download/text/Toilers-of-the-Sea.txt

An Old-Fashioned Girl,Louisa May Alcott,Publication date 1869,United States,[],http://www.loyalbooks.com/download/text/An-Old-Fashioned-Girl-by-Lousia-May-Alcott.txt

Oliver Twist,Charles Dickens,Publisher Serial: Bentley's Miscellany Book: Richard Bentley,England,[],http://www.loyalbooks.com/download/text/Oliver-Twist-by-Charles-Dickens.txt

What Katy Did,Susan Coolidge,Publication date 1872,United States,[],http://www.loyalbooks.com/download/text/What-Katy-Did-at-School-by-Susan-Coolidge.txt

A Child's History of England,Charles Dickens,Publication date 1852-1854,England,[],http://www.loyalbooks.com/download/text/A-Childs-History-of-England-by-Charles-Dickens.txt

Gulliver's Travels,Jonathan Swift,Publication date 28 October 1726 (291 years ago) (1726-10-28),Ireland,[Satire, fantasy, Satire, fantasy],http://www.loyalbooks.com/download/text/Gullivers-Travels-by-Jonathan-Swift.txt

Floor Games,H. G. Wells,Publication date December 1911,null,[],http://www.loyalbooks.com/download/text/Floor-Games.txt

Pierre and Luce,Romain Rolland,in English 1922,France,[],http://www.loyalbooks.com/download/text/Pierre-and-Luce.txt

The Invisible Man,H.G. Wells,1897 (C. Arthur Pearson),United Kingdom,[Horror, Science fiction novel, Horror, Science fiction novel],http://www.loyalbooks.com/download/text/Invisible-Man-by-H-G-Wells.txt

Santals,null,null,null,[],http://www.loyalbooks.com/download/text/Folklore-of-the-Santal-Parganas-by-Cecil-Henry-Bompas.txt

Nightmare Abbey,Thomas Love Peacock,November 1818, T. Hookham Jr. and Baldwin, Craddock & Joy,United Kingdom,[Gothic novella, Romance novella, Satire, Gothic novella, Romance novella, Satire],http://www.loyalbooks.com/download/text/Nightmare-Abbey-by-Thomas-Love-Peacock.txt

Otto of the Silver Hand,Howard Pyle,Publication date 1888,United States,[],http://www.loyalbooks.com/download/text/Otto-of-the-Silver-Hand-by-Howard-Pyle.txt

The Lair of the White Worm,Bram Stoker,Publication date 1911,United Kingdom,[],http://www.loyalbooks.com/download/text/Lair-of-the-White-Worm-by-Bram-Stoker.txt

Five Children and It...,Edith Nesbit,Publication date 1902,United Kingdom,[],http://www.loyalbooks.com/download/text/Five-Children-and-it-by-E-Nesbit.txt

Frankenstein; or, The Modern Prometheus,Mary Shelley,1 January 1818 (Lackington, Hughes, Harding, Mavor & Jones),United Kingdom,[Gothic novel, Horror fiction, Soft science fiction, Gothic novel, Horror fiction, Soft science fiction],http://www.loyalbooks.com/download/text/Frankenstein-or-Modern-Prometheus-by-Mary-W-Shelley.txt

Barnaby Rudge,Charles Dickens ("Boz"),Publisher Chapman & Hall,England,[],http://www.loyalbooks.com/download/text/Barnaby-Rudge-by-Charles-Dickens-2.txt

The Elements of Style,William Strunk Jr. (1918/1920) Strunk and E. B. White (1959),Publisher Harcourt, Brace & Howe (1920) Macmillan (1959) Allyn & Bacon (1999),United States,[],http://www.loyalbooks.com/download/text/Elements-of-Style.txt

A Journey in Other Worlds,John Jacob Astor IV,Publication date 1894,United States,[],http://www.loyalbooks.com/download/text/A-Journey-in-Other-Worlds-by-John-Jacob-Astor-Iv.txt

The Marble Faun,Nathaniel Hawthorne,Publication date 1860,United States,[],http://www.loyalbooks.com/download/text/Marble-Faun.txt

The Nigger of the 'Narcissus',Joseph Conrad,Publication date 1897,United Kingdom,[],http://www.loyalbooks.com/download/text/Nigger-of-the-Narcissus.txt

The Life and Adventures of Santa Claus,L. Frank Baum,Publication date April 12, 1902,United States,[],http://www.loyalbooks.com/download/text/Life-and-Adventures-of-Santa-Claus-version-2-by-L-Frank-Baum.txt

This Side of Paradise,F. Scott Fitzgerald,Publication date March 26, 1920,United States,[],http://www.loyalbooks.com/download/text/This-Side-of-Paradise-by-F-Scott-Fitzgerald.txt

The Man That Corrupted Hadleyburg,Mark Twain,Publication date 1900[1],United States,[],http://www.loyalbooks.com/download/text/Man-That-Corrupted-Hadleyburg.txt

Rilla of Ingleside,Lucy Maud Montgomery,Publication date 1921,Canada,[],http://www.loyalbooks.com/download/text/Rilla-of-Ingleside-by-Lucy-Maud-Montgomery.txt

The Call of the Wild,Jack London,Publication date 1903,United States,[],http://www.loyalbooks.com/download/text/The-Call-of-the-Wild-by-Jack-London-2.txt

David and the Phoenix,Edward Ormondroyd,Publication date October 1, 1957[2],United States,[Children's fantasy novel, adventure fiction, humor[1], Children's fantasy novel, adventure fiction, humor[1]],http://www.loyalbooks.com/download/text/David-and-the-Phoenix-by-Edward-Ormondroyd.txt

The Mystery of Edwin Drood,Charles Dickens,Publisher Chapman & Hall London,England,[],http://www.loyalbooks.com/download/text/The-Mystery-of-Edwin-Drood-by-Charles-Dickens.txt

The Mysteries of Udolpho, A Romance; Interspersed with Some Pieces of Poetry,Ann Radcliffe,Publication date 8 May 1794,England,[],http://www.loyalbooks.com/download/text/Mysteries-of-Udolpho-by-Ann-Radcliffe.txt

Tom Jones,Henry Fielding,Publication date 28 February 1749,England,[],http://www.loyalbooks.com/download/text/History-of-Tom-Jones-by-Henry-Fielding.txt

The Planet Savers,Marion Zimmer Bradley,Publication date 1962,United States,[],http://www.loyalbooks.com/download/text/Planet-Savers.txt

Sense and Sensibility,Jane Austen,Publication date 1811,United Kingdom,[],http://www.loyalbooks.com/download/text/Sense-and-Sensibility-by-Jane-Austen.txt

The Diary of a Nobody,George and Weedon Grossmith,Publication date June 1892,United Kingdom,[],http://www.loyalbooks.com/download/text/The-Diary-of-a-Nobody-by-George-Weedon-Grossmith.txt

Three Men in a Boat,Jerome Klapka Jerome,Publication date 1889,United Kingdom,[],http://www.loyalbooks.com/download/text/Three-Men-in-a-Boat-by-Jerome-K-Jerome.txt

Andrew Lang's Fairy Books,Andrew Lang,1889–1913,null,[],http://www.loyalbooks.com/download/text/Pink-Fairy-Book.txt

Vanity Fair,William Makepeace Thackeray,Publication date January 1847 to July 1848 (serialised in 20 parts),United Kingdom,[],http://www.loyalbooks.com/download/text/Vanity-Fair-by-William-Makepeace-Thackeray.txt

Zadig, or The Book of Fate,Voltaire,1747,France,[],http://www.loyalbooks.com/download/text/Zadig-or-the-Book-of-Fate-by-Voltaire.txt

The Age of Innocence,Edith Wharton,Publication date 1920,United States,[],http://www.loyalbooks.com/download/text/The-Age-of-Innocence-by-Edith-Wharton.txt

The Last Man,Mary Shelley,Publication date February 1826,United Kingdom,[Science fiction, apocalyptic fiction, Science fiction, apocalyptic fiction],http://www.loyalbooks.com/download/text/The-Last-Man-by-Mary-Shelley.txt

The Case of Jennie Brice,Mary Roberts Rinehart,Publication date 1913,United States,[],http://www.loyalbooks.com/download/text/The-Case-of-Jennie-Brice-by-Mary-Roberts-Rinehart.txt

The Coming of Bill,P. G. Wodehouse,Publication date US: 5 August 1919 UK: 1 July 1920,null,[],http://www.loyalbooks.com/download/text/Coming-of-Bill.txt

Rupert of Hentzau,Anthony Hope,Publication date 1898 (written in 1894),United Kingdom,[],http://www.loyalbooks.com/download/text/Rupert-of-Hentzau-by-Anthony-Hope.txt

The Return of the Native,Thomas Hardy,Publication date 1878,United Kingdom,[],http://www.loyalbooks.com/download/text/Return-of-the-Native-by-Thomas-Hardy.txt

Our Mr. Wrenn,Sinclair Lewis,Publication date 1914,United States,[],http://www.loyalbooks.com/download/text/Wrenn-Romantic-Adventures-of-a-Gentle-Man.txt

John Barleycorn,Jack London,Publication date 1913,United States,[],http://www.loyalbooks.com/download/text/John-Barleycorn-or-Alcoholic-Memoirs-by-Jack-London.txt

The Scarlet Pimpernel,Baroness Orczy,Publication date 1905,United Kingdom,[Historical fiction, adventure fiction, Historical fiction, adventure fiction],http://www.loyalbooks.com/download/text/The-Scarlet-Pimpernel-by-Baroness-Emmuska-Orczy.txt

When William Came,Saki,1913 John Lane,null,[],http://www.loyalbooks.com/download/text/When-William-Came-by-Saki.txt

The Moonstone,Wilkie Collins,Publisher Tinsley Brothers,England,[],http://www.loyalbooks.com/download/text/The-Moonstone-by-Wilkie-Collins.txt

Tom Swift Jr.,Harriet (Stratemeyer) Adams, James Duncan Lawrence,in English 1954-1971,United States of America,[],http://www.loyalbooks.com/download/text/Tom-Swift-and-the-Visitor-from-Planet-X-by-Victor-Appleton-Ii.txt

Thus Spoke Zarathustra: A Book for All and None,Friedrich Nietzsche,Publication date 1883–1891,Germany,[],http://www.loyalbooks.com/download/text/Thus-Spake-Zarathustra-by-Friedrich-Nietzsche.txt

Elusive Isabel,Jacques Futrelle,Publication date 1909,United States,[],http://www.loyalbooks.com/download/text/Elusive-Isabel-by-Jacques-Futrelle.txt

Personal Recollections of Joan of Arc,Mark Twain,Publication date 1896[1],United States,[],http://www.loyalbooks.com/download/text/Personal-Recollections-of-Joan-of-Arc-by-Mark-Twain.txt

The Chessmen of Mars,Edgar Rice Burroughs,Publication date 1922,United States,[],http://www.loyalbooks.com/download/text/The-Chessmen-of-Mars-by-Edgar-Rice-Burroughs.txt

The Mystery of the Yellow Room,Gaston Leroux,Publication date 1907 in serial January 1908 in book form,France,[],http://www.loyalbooks.com/download/text/Mystery-of-the-Yellow-Room-by-Gaston-Leroux.txt

Typhoon,Joseph Conrad,Publication date 1902,United Kingdom,[],http://www.loyalbooks.com/download/text/Typhoon-by-Joseph-Conrad.txt

Utopia,Thomas More,in English 1551,Habsburg Netherlands,[political philosophy, satire, political philosophy, satire],http://www.loyalbooks.com/download/text/Utopia-by-Thomas-More.txt

People of the Talisman,Leigh Brackett,Publication date 1964,United States,[],http://www.loyalbooks.com/download/text/Black-Amazon-of-Mars.txt

Evelina: Or the History of a Young Lady's Entrance into the World,Fanny Burney,Publication date 1778,United Kingdom,[],http://www.loyalbooks.com/download/text/Evelina-by-Fanny-Burney.txt

The Four Million,O. Henry,Publication date 1906,United States,[Frame story, Short Stories, Frame story, Short Stories],http://www.loyalbooks.com/download/text/The-Four-Million-by-O-Henry.txt

Madame Bovary,Gustave Flaubert,Publication date 1856 (in serial) & April 1857 (in book form),France,[Realist novel, Erotic literature, Realist novel, Erotic literature],http://www.loyalbooks.com/download/text/Madame-Bovary-by-Gustave-Flaubert.txt

Persuasion,Jane Austen,Publication date 1818,United Kingdom,[],http://www.loyalbooks.com/download/text/Persuasion-by-Jane-Austen.txt

Time and the Gods,Lord Dunsany,Publication date 1906,United Kingdom,[],http://www.loyalbooks.com/download/text/Time-and-the-Gods-by-Lord-Dunsany.txt

A Pair of Blue Eyes,Thomas Hardy,Publication date 1873,United Kingdom,[],http://www.loyalbooks.com/download/text/Pair-of-Blue-Eyes.txt

Little Wizard Stories of Oz,L. Frank Baum,Publication date 1914,United States,[],http://www.loyalbooks.com/download/text/Little-Wizard-Stories-of-Oz-by-L-Frank-Baum.txt

The Enchanted Castle,Edith Nesbit,Publication date 1907,United Kingdom,[],http://www.loyalbooks.com/download/text/The-Enchanted-Castle-by-E-Nesbit.txt

The Time Traders,Andre Norton,Publication date 1958,United States,[],http://www.loyalbooks.com/download/text/The-Time-Traders-by-Andre-Norton.txt

The Promised Land,Mary Antin,Publication date 1912,United States,[],http://www.loyalbooks.com/download/text/The-Promised-Land-by-Mary-Antin.txt

Tarzan and the Jewels of Opar,Edgar Rice Burroughs,Publication date 1916,United States,[],http://www.loyalbooks.com/download/text/Tarzan-and-the-Jewels-of-Opar-by-Edgar-Rice-Burroughs.txt

Bleak House,Charles Dickens,Publisher Bradbury & Evans,England,[],http://www.loyalbooks.com/download/text/Bleak-House-by-Charles-Dickens.txt

The Road to Oz,L. Frank Baum,Publication date 1909,United States,[],http://www.loyalbooks.com/download/text/The-Road-to-Oz-by-L-Frank-Baum.txt

The Portrait of a Lady,Henry James,Publication date 29 October 1881 (Houghton) 16 November 1881 (Macmillan),United Kingdom United States,[],http://www.loyalbooks.com/download/text/The-Portrait-of-a-Lady-vol-1.txt

Strange Case of Dr Jekyll and Mr Hyde,Robert Louis Stevenson,Publication date 5 January 1886,United Kingdom,[],http://www.loyalbooks.com/download/text/The-Strange-Case-of-Dr-Jekyll-and-Mr-Hyde-by-Robert-Louis-Stevenson-2.txt

One of Ours,Willa Cather,Publication date 1922,United States,[],http://www.loyalbooks.com/download/text/One-of-Ours-by-Willa-Cather.txt

Mr Standfast,John Buchan,Publication date 1919,United Kingdom,[],http://www.loyalbooks.com/download/text/Mr-Standfast-by-John-Buchan.txt

Spacehounds of IPC,Edward E. Smith, Ph.D.,Publication date 1947,United States,[],http://www.loyalbooks.com/download/text/Spacehounds-of-Ipc.txt

From the Earth to the Moon,Jules Verne,in English 1867,France,[],http://www.loyalbooks.com/download/text/From-the-Earth-to-the-Moon-by-Jules-Verne.txt

Just So Stories,Rudyard Kipling,Publication date 1902,United Kingdom,[],http://www.loyalbooks.com/download/text/Just-So-Stories-by-Rudyard-Kipling.txt

Kidnapped,Robert Louis Stevenson,Publication date 1886,United Kingdom,[],http://www.loyalbooks.com/download/text/Kidnapped-by-Robert-Louis-Stevenson.txt

A Planet for Texans,H. Beam Piper and J. J. McGuire,1958, Ace Books,United States,[],http://www.loyalbooks.com/download/text/Lone-Star-Planet-by-H-Beam-Piper-and-John-J-Mcguire.txt

The Railway Children,Edith Nesbit,Publication date 1906,United Kingdom,[],http://www.loyalbooks.com/download/text/Railway-Children-by-E-Nesbit.txt

At the Earth's Core,Edgar Rice Burroughs,Publication date 1914 (serialized) 1922 (hardcover),United States,[],http://www.loyalbooks.com/download/text/At-the-Earths-Core-by-Edgar-Rice-Burroughs.txt

The Waste Land,T. S. Eliot,Publication date 1922,United States,[],http://www.loyalbooks.com/download/text/The-Waste-Land-by-T-S-Eliot.txt

The Cricket on the Hearth,Charles Dickens,Publication date 20 December 1845,England,[],http://www.loyalbooks.com/download/text/The-Cricket-on-the-Hearth-by-Charles-Dickens.txt

The Wonderful Wizard of Oz,L. Frank Baum,Publication date May 17, 1900,United States,[Fantasy, children's novel, Fantasy, children's novel],http://www.loyalbooks.com/download/text/The-Wonderful-Wizard-of-Oz.txt

Agnes Grey,Anne Brontë,Publication date December 1847,United Kingdom,[],http://www.loyalbooks.com/download/text/Agnes-Grey-by-Anne-Bronte.txt

Can You Forgive Her?,Anthony Trollope,Publication date September 1864 (Vol. I) & July 1865 (Vol. II)[1],England,[],http://www.loyalbooks.com/download/text/Can-You-Forgive-Her-by-Anthony-Trollope.txt

The Mysterious Stranger,Mark Twain,Publication date 1916,[1] posthumously,United States,[],http://www.loyalbooks.com/download/text/The-Mysterious-Stranger-and-Other-Stories-by-Mark-Twain.txt

Adventures of Huckleberry Finn,Mark Twain,Publication date December 10, 1884 (UK & Canada) 1885[1] (United States),United States,[],http://www.loyalbooks.com/download/text/Adventures-of-Huckleberry-Finn-by-Mark-Twain.txt

The Food of the Gods and How It Came to Earth,H. G. Wells,1904 (Macmillan),United Kingdom,[Science fiction, Romance novel, Science fiction, Romance novel],http://www.loyalbooks.com/download/text/The-Food-of-the-Gods-and-How-it-Came-to-Earth-by-H-G-Wells.txt

The Twelve Caesars,Suetonius,Publication date AD 121,Roman Empire,[],http://www.loyalbooks.com/download/text/Twelve-Caesars-by-Suetonius.txt

Hard Times,Charles Dickens,Publisher Bradbury & Evans,England,[],http://www.loyalbooks.com/download/text/Hard-Times-by-Charles-Dickens.txt

Tik-Tok of Oz,L. Frank Baum,Publication date 1914,United States,[],http://www.loyalbooks.com/download/text/Tik-Tok-of-Oz-by-L-Frank-Baum.txt

Triplanetary,Edward E. Smith, Ph.D.,Publication date 1934, 1948,United States,[],http://www.loyalbooks.com/download/text/Triplanetary-by-Ee-Doc-Smith.txt

Beautiful Stories from Shakespeare.,Edith Nesbit,Publication date 1907,United Kingdom,[],http://www.loyalbooks.com/download/text/Beautiful-Stories-from-Shakespeare-by-Edith-Nesbit.txt

Uncle Tom's Cabin,Harriet Beecher Stowe,Serialized in The National Era for ten months, beginning with the 5 June 1851 issue. as a book in two volumes on March 20, 1852, John P. Jewett and Company.,United States,[],http://www.loyalbooks.com/download/text/Uncle-Toms-Cabin-by-Harriet-Beecher-Stowe.txt

The Hound of the Baskervilles,Arthur Conan Doyle,Publication date 1902[1],United Kingdom,[],http://www.loyalbooks.com/download/text/Hound-of-the-Baskervilles-by-Doyle-2.txt

Captain Stormfield's Visit to Heaven,Mark Twain,Publication date 1909,United States,[],http://www.loyalbooks.com/download/text/Captain-Stormfields-Visit-to-Heaven.txt

Key Out of Time,Andre Norton,Publication date 1963,United States,[],http://www.loyalbooks.com/download/text/Key-Out-of-Time-by-Andre-Norton.txt

Robinson Crusoe,Daniel Defoe,Publication date 25 April 1719 (298 years ago) (1719-04-25),United Kingdom,[adventure, historical fiction, adventure, historical fiction],http://www.loyalbooks.com/download/text/Robinson-Crusoe-by-Daniel-Defoe.txt

She: A History of Adventure,H. Rider Haggard,Publication date 1887,United Kingdom,[],http://www.loyalbooks.com/download/text/She-by-H-Rider-Haggard.txt

Dick Sand, A Captain at Fifteen,Jules Verne,in English 1878,France,[],http://www.loyalbooks.com/download/text/Dick-Sands-the-Boy-Captain-by-Jules-Verne.txt

Glinda of Oz,L. Frank Baum (posthumously),Publication date July 10, 1920,United States,[],http://www.loyalbooks.com/download/text/Glinda-of-Oz-by-L-Frank-Baum.txt

The Prince and the Pauper,Mark Twain,Publication date 1881,United States,[],http://www.loyalbooks.com/download/text/The-Prince-and-the-Pauper-by-Mark-Twain.txt

Andrew Lang's Fairy Books,Andrew Lang,1889–1913,null,[],http://www.loyalbooks.com/download/text/Crimson-Fairy-Book-by-Andrew-Lang.txt

The Awakening,Kate Chopin,Publication date April 22, 1899,United States,[],http://www.loyalbooks.com/download/text/The-Awakening-by-Kate-Chopin.txt

Armadale,Wilkie Collins,Publication date November 1864 -- June 1866,England,[Mystery novel, sensation novel, Mystery novel, sensation novel],http://www.loyalbooks.com/download/text/Armadale-by-Wilkie-Collins.txt

A Treatise of Human Nature,David Hume,Publication date 1738,null,[],http://www.loyalbooks.com/download/text/Treatise-of-Human-Nature-1.txt

Dear Enemy,Jean Webster,null,null,[],http://www.loyalbooks.com/download/text/Dear-Enemy-by-Jean-Webster.txt

Out of Time’s Abyss,Edgar Rice Burroughs,Publication date 1963,United States,[],http://www.loyalbooks.com/download/text/Out-of-Times-Abyss-by-Edgar-Rice-Burroughs-1.txt

Anna Karenina,Leo Tolstoy,Publication date 1877,Russia,[],http://www.loyalbooks.com/download/text/Anna-Karenina-by-Leo-Tolstoy.txt

Leviathan,Thomas Hobbes,Publication date 1651,England,[],http://www.loyalbooks.com/download/text/Leviathan-Books-I-and-Ii-by-Thomas-Hobbes.txt

The Diary of A Young Girl,Anne Frank,in English 1952,Netherlands,[],http://www.loyalbooks.com/download/text/Book-of-Strife-in-the-Form-of-the-Diary-of-An-Ol.txt

The Antichrist,Friedrich Nietzsche,Publication date 1895,Germany,[],http://www.loyalbooks.com/download/text/The-Antichrist-by-Nietzsche.txt

page of 1st illustrated French edition,Jules Verne,in English 1873,Title The Fur Country,[],http://www.loyalbooks.com/download/text/The-Fur-Country-by-Jules-Verne.txt

Candide,Voltaire,Publication date January 1759[3][4],France,[],http://www.loyalbooks.com/download/text/Candide-by-Voltaire.txt

Varney the Vampire; or, the Feast of Blood,James Malcolm Rymer Thomas Peckett Prest,Publication date 1845–1847 (serial) 1847 (book),United Kingdom,[],http://www.loyalbooks.com/download/text/Varney-the-Vampire-by-Thomas-Preskett-Prest.txt

A Tramp Abroad,Mark Twain,Publication date 1880[1],United States,[],http://www.loyalbooks.com/download/text/A-Tramp-Abroad-by-Mark-Twain.txt

Daisy Miller,Henry James,Publication date 1879,United Kingdom,[],http://www.loyalbooks.com/download/text/Daisy-Miller-by-Henry-James.txt

Black Beauty,Anna Sewell,Publication date 24 November 1877,United Kingdom,[],http://www.loyalbooks.com/download/text/Black-Beauty-Young-Folks-edition-by-Anna-Sewell.txt

The Wind in the Willows,Kenneth Grahame,Publication date 15 June 1908,United Kingdom,[],http://www.loyalbooks.com/download/text/The-Wind-in-the-Willows-by-Kenneth-Grahame.txt

The Little Lame Prince and his Travelling Cloak,Dinah Maria Mulock Craik (as Miss Mulock),1875 Daldy Isbister and Co. London,UK,[],http://www.loyalbooks.com/download/text/The-Little-Lame-Prince-by-Miss-Mulock.txt

Anne of Green Gables,Lucy Maud Montgomery,June 1908 (L.C. Page & Co.)[3],Written and set in Canada, published in the United States[1][2],[],http://www.loyalbooks.com/download/text/Anne-of-Green-Gables.txt

Americans,null,null,null,[],http://www.loyalbooks.com/download/text/Americans-and-Others.txt

Alice in Blunderland: An Iridescent Dream,John Kendrick Bangs,Publication date 1907,United States,[Fantasy novel, parody, Fantasy novel, parody],http://www.loyalbooks.com/download/text/Alice-in-Blunderland-An-Iridescent-Dream-version-2.txt

Henry L. Williams,null,null,null,[],http://www.loyalbooks.com/download/text/The-Lincoln-Story-Book-by-Henry-L-Williams.txt

The Light That Failed,Rudyard Kipling,January 1891 by Lippincott's Monthly Magazine,United States,[],http://www.loyalbooks.com/download/text/Light-That-Failed.txt

Edison's Conquest of Mars,Garrett P. Serviss,Publication date 1947 (book edition) Magazine serial 1898,United States,[],http://www.loyalbooks.com/download/text/Edisons-Conquest-of-Mars-by-Garrett-P-Serviss.txt

The Talisman,Sir Walter Scott,Publication date 22 June 1825,Scotland,[],http://www.loyalbooks.com/download/text/The-Talisman-by-Sir-Walter-Scott.txt

Heart of Darkness,Joseph Conrad,Publisher Blackwood's Magazine,United Kingdom,[],http://www.loyalbooks.com/download/text/Heart-of-Darkness-by-Joseph-Conrad.txt

The $30,000 Bequest and Other Stories,Mark Twain,1906,United States,[Short stories, comic stories, Short stories, comic stories],http://www.loyalbooks.com/download/text/30000-Dollar-Bequest.txt

The Imitation of Christ,Thomas à Kempis,Publication date c. 1418–1427,null,[],http://www.loyalbooks.com/download/text/The-Imitation-of-Christ-by-Thomas-a-Kempis.txt

The Riddle of the Sands,Robert Erskine Childers,Publication date May 1903,null,[Invasion novel, Adventure novel, Spy novel, Invasion novel, Adventure novel, Spy novel],http://www.loyalbooks.com/download/text/The-Riddle-of-the-Sands-by-Erskine-Childers.txt

The History of Henry Esmond,William Makepeace Thackeray,Publication date 1852,England,[],http://www.loyalbooks.com/download/text/Henry-Esmond-by-William-Makepeace-Thackeray.txt

Love and Freindship,Jane Austen,1790 (1790),UK,[],http://www.loyalbooks.com/download/text/Love-and-Freindship-by-Jane-Austen.txt

The Beetle,Richard Marsh,Publication date September 1897,null,[],http://www.loyalbooks.com/download/text/The-Beetle-by-Richard-Marsh.txt

Grace Abounding to the Chief of Sinners,John Bunyan,Publication date 1666,England,[],http://www.loyalbooks.com/download/text/Grace-Abounding-to-the-Chief-of-Sinners-by-John-Bunyan.txt

The Anatomy of Melancholy,Robert Burton,Publication date 1621, 1624, 1628, 1632, 1638, and 1651.,Britain,[],http://www.loyalbooks.com/download/text/Anatomy-of-Melancholy.txt

The Lost Princess of Oz,L. Frank Baum,Publication date 1917,United States,[],http://www.loyalbooks.com/download/text/The-Lost-Princess-of-Oz-by-L-Frank-Baum.txt

The Narrative of Arthur Gordon Pym of Nantucket,Edgar Allan Poe,Publication date July 1838,United States,[],http://www.loyalbooks.com/download/text/Narrative-of-Arthur-Gordon-Pym.txt

The Interpretation of Dreams,Sigmund Freud,in English 1913 (Macmillan, translation of the German third edition),Austria,[],http://www.loyalbooks.com/download/text/Dream-Psychology-by-Sigmund-Freud.txt

The Gambler,Fyodor Dostoyevsky,Publication date 1867,Russia,[],http://www.loyalbooks.com/download/text/Gambler-Fyodor-Dostoyevsky.txt

Riders of the Purple Sage,Zane Grey,Publication date 1912,United States,[],http://www.loyalbooks.com/download/text/Riders-of-the-Purple-Sage-by-Zane-Grey.txt

A Christmas Carol,Charles Dickens,Publisher Chapman & Hall,England,[],http://www.loyalbooks.com/download/text/A-Christmas-Carol-by-Charles-Dickens.txt

Andrew Lang's Fairy Books,Andrew Lang,1889–1913,null,[],http://www.loyalbooks.com/download/text/The-Blue-Fairy-Book-by-Andrew-Lang.txt

Arthur Mervyn,Charles Brockden Brown,Publication date 1799,United States,[],http://www.loyalbooks.com/download/text/Arthur-Mervyn-by-Charles-Brockden-Brown.txt

Ulysses,James Joyce,Publication date 2 February 1922,null,[],http://www.loyalbooks.com/download/text/Ulysses-by-James-Joyce.txt

A Sentimental Journey through France and Italy,Laurence Sterne,Publication date 1768,Great Britain,[sentimental novel, travel literature, sentimental novel, travel literature],http://www.loyalbooks.com/download/text/Sentimental-Journey-Through-France-and-Italy.txt

Lord Jim,Joseph Conrad,Publication date 1900,Britain,[],http://www.loyalbooks.com/download/text/Lord-Jim-by-Joseph-Conrad.txt

Spirit of the Border,Zane Grey,Publication date 1906,United States,[],http://www.loyalbooks.com/download/text/Spirit-of-the-Border.txt

United States Rubber Company,null,null,null,[],http://www.loyalbooks.com/download/text/The-Romance-of-Rubber-by-the-United-States-Rubber-Company.txt

Washington Square,Henry James,Publication date 1 December 1880,United States,[],http://www.loyalbooks.com/download/text/Washington-Square-by-Henry-James.txt

Love Among the Chickens,P. G. Wodehouse,Publication date June 1906,United Kingdom,[],http://www.loyalbooks.com/download/text/Love-Among-the-Chickens-by-P-G-Wodehouse.txt

The Man Who Knew Too Much and other stories,G. K. Chesterton,Publication date 1922,United Kingdom,[],http://www.loyalbooks.com/download/text/The-Man-Who-Knew-Too-Much-by-G-K-Chesterton.txt

The Secret Garden,Frances Hodgson Burnett,Publication date August 1911 (US)[1],United States,[],http://www.loyalbooks.com/download/text/The-Secret-Garden-by-Frances-Hodgson-Burnett.txt

The Confidence-Man,Herman Melville,1857 (Dix, Edwards & Co.),United States,[],http://www.loyalbooks.com/download/text/Confidence-Man-His-Masquerade.txt

Around the Moon,Jules Verne,in English 1873,France,[],http://www.loyalbooks.com/download/text/Round-the-Moon-by-Jules-Verne.txt

Jacob's Room,Virginia Woolf,Publication date October 26, 1922,United Kingdom,[],http://www.loyalbooks.com/download/text/Jacobs-Room.txt

The Innocents Abroad, or The New Pilgrims' Progress,Mark Twain,Publication date 1869[1],United States,[],http://www.loyalbooks.com/download/text/The-Innocents-Abroad-by-Mark-Twain.txt

The Souls of Black Folk: Essays and Sketches,W. E. B. Du Bois,Publication date 1903,United States,[],http://www.loyalbooks.com/download/text/Souls-of-Black-Folks-by-Web-Du-Bois.txt

The Survivors,Tom Godwin,Publication date 1958,United States,[],http://www.loyalbooks.com/download/text/Space-Prison.txt

The Haunted Bookshop,Christopher Morley,1919 Grosset & Dunlap,United States,[],http://www.loyalbooks.com/download/text/The-Haunted-Bookshop-by-Christopher-Morley.txt

Tarzan of the Apes,Edgar Rice Burroughs,Publication date 1912,United States,[],http://www.loyalbooks.com/download/text/Tarzan-of-the-Apes.txt

Operation: Outer Space,Murray Leinster,Publication date 1954,United States,[],http://www.loyalbooks.com/download/text/Operation-Outer-Space.txt

HMS Bounty,null,null,null,[],http://www.loyalbooks.com/download/text/Seizure-of-H-M-S-Bounty.txt

The Princess and the Goblin,George MacDonald,Publication date 1872,United Kingdom,[],http://www.loyalbooks.com/download/text/Princess-and-the-Goblin-by-George-Macdonald-3.txt

The Small House at Allington,Anthony Trollope,Publication date September 1862 – April 1864 (serial); April 1864 (book),England,[],http://www.loyalbooks.com/download/text/Small-House-at-Allington.txt

The Man Who Was Thursday: A Nightmare,G. K. Chesterton,Publication date 1908,United Kingdom,[Thriller, philosophical novel, adventure, fantasy, Thriller, philosophical novel, adventure, fantasy],http://www.loyalbooks.com/download/text/The-Man-Who-Was-Thursday-a-Nightmare-by-Gk-Chesterton.txt

The Second Jungle Book,Rudyard Kipling,Publication date November 1895,United Kingdom,[],http://www.loyalbooks.com/download/text/The-Second-Jungle-Book-by-Rudyard-Kipling.txt

She and Allan,H. Rider Haggard,Publication date 1921,United Kingdom,[],http://www.loyalbooks.com/download/text/She-and-Allan-by-H-Rider-Haggard.txt

Rinkitink in Oz,L. Frank Baum,Publication date 1916,United States,[],http://www.loyalbooks.com/download/text/Rinkitink-in-Oz-by-L-Frank-Baum.txt

Voodoo Planet,Andre Norton,1959 (Ace Books),United States,[],http://www.loyalbooks.com/download/text/Voodoo-Planet-by-Andre-Norton.txt

The Amateur Cracksman,E. W. Hornung,Publication date 1899,United Kingdom,[],http://www.loyalbooks.com/download/text/The-Amateur-Cracksman-by-Ew-Hornung.txt

Anticipations,H. G. Wells,Publication date November 1901,United Kingdom,[],http://www.loyalbooks.com/download/text/Anticipations-by-H-G-Wells.txt

Niels Klim's Underground Travels,Ludvig Holberg,1741 (1741),Norway,[],http://www.loyalbooks.com/download/text/Niels-Klims-Journey-Under-the-Ground-by-Baron-Ludvig-Holberg.txt

The Beasts of Tarzan,Edgar Rice Burroughs,Publication date 1914,United States,[],http://www.loyalbooks.com/download/text/The-Beasts-of-Tarzan.txt

The Hunting of the Snark,Lewis Carroll,Publication date 29 March 1876,United Kingdom,[],http://www.loyalbooks.com/download/text/The-Hunting-of-the-Snark-by-Lewis-Carroll-2.txt

On the Origin of Species,Charles Darwin,24 November 1859[2] (John Murray),United Kingdom of Great Britain and Ireland,[],http://www.loyalbooks.com/download/text/The-Origin-of-Species-by-Charles-Darwin.txt

The Magnificent Ambersons,Booth Tarkington,Publication date 1918,United States,[],http://www.loyalbooks.com/download/text/The-Magnificent-Ambersons-by-Booth-Tarkington.txt

Republic,Plato,c.?380 BC,Ancient Greece,[],http://www.loyalbooks.com/download/text/Platos-Republic.txt

The Mysterious Island,Jules Verne,in English 1874,France,[],http://www.loyalbooks.com/download/text/The-Mysterious-Island-by-Jules-Verne.txt

Gitanjali, Song Offerings,Rabindranath Tagore,in English 1912,India,[],http://www.loyalbooks.com/download/text/Gitanjali-Rabindranath-Tagore.txt

Dead Souls,Nikolai Gogol,null,Russian Empire,[Political, Satire, Political, Satire],http://www.loyalbooks.com/download/text/Dead-Souls-by-Gogol-Trans-Hogarth.txt

An Antarctic Mystery,Jules Verne,in English 1898,France,[],http://www.loyalbooks.com/download/text/An-Antarctic-Mystery-or-the-Sphinx-of-the-Ice-Fields.txt

Victory: An Island Tale,Joseph Conrad,Publication date 1915,null,[],http://www.loyalbooks.com/download/text/Victory-An-Island-Tale.txt

The War of the Worlds,H. G. Wells,1898[1] (William Heinemann),United Kingdom,[],http://www.loyalbooks.com/download/text/War-of-the-Worlds-by-H-G-Wells.txt

The Scarecrow of Oz,L. Frank Baum,Publication date 1915,United States,[],http://www.loyalbooks.com/download/text/Scarecrow-of-Oz-by-L-Frank-Baum.txt

Confessions of an English Opium-Eater,Thomas De Quincey,1821 (London Magazine),England,[],http://www.loyalbooks.com/download/text/Confessions-of-An-English-Opium-Eater-by-Thomas-De-Quincey.txt

Plague Ship,Andrew North,Publication date 1956,United States,[],http://www.loyalbooks.com/download/text/Plague-Ship-by-Andre-Norton.txt

Letters of Two Brides,Honoré de Balzac,in English 1902,France,[],http://www.loyalbooks.com/download/text/Letters-of-Two-Brides-by-Honore-De-Balzac.txt

Further Chronicles of Avonlea,Lucy Maud Montgomery,Publication date 1920,Canada,[],http://www.loyalbooks.com/download/text/Further-Chronicles-of-Avonlea-by-Lm-Montgomery.txt

Shirley,Charlotte Brontë,Publication date 1849,United Kingdom,[],http://www.loyalbooks.com/download/text/Shirley-Charlotte-Bronte.txt

Resurrection,Leo Tolstoy,in English 1900,Russia,[],http://www.loyalbooks.com/download/text/Resurrection-Leo-Tolstoy.txt

The Red House Mystery,A. A. Milne,Publication date 6 April 1922,United Kingdom,[],http://www.loyalbooks.com/download/text/The-Red-House-Mystery-by-a-A-Milne.txt

Summa Theologica,Thomas Aquinas,Publication date 1485,null,[],http://www.loyalbooks.com/download/text/Summa-Theologica-Prima-Pars-Questions-1-26-by-Thomas-Aquinas.txt

The Good Soldier,Ford Madox Ford,Publication date March 1915,United Kingdom,[],http://www.loyalbooks.com/download/text/Good-Soldier.txt

The Private Life of the late Benjamin Franklin,Benjamin Franklin,in English 1793,France,[],http://www.loyalbooks.com/download/text/The-Autobigraphy-of-Benjamin-Franklin-Ed-by-Frank-Woodworth-Pine.txt

Following the Equator,Mark Twain,Publication date 1897[1],United States,[],http://www.loyalbooks.com/download/text/Following-the-Equator-Journey-Around-the-World.txt

Little Men,Louisa May Alcott,Publication date 1871,United States,[],http://www.loyalbooks.com/download/text/Little-Men-by-Louisa-May-Alcott.txt

Lady Susan,Jane Austen,null,United Kingdom,[],http://www.loyalbooks.com/download/text/Lady-Susan-by-Jane-Austen.txt

Journey to the Center of the Earth,Jules Verne,in English 1871,France,[Science fiction, adventure novel, Science fiction, adventure novel],http://www.loyalbooks.com/download/text/Voyage-Au-Centre-De-La-Terre-English-by-Verne-2.txt

Anabasis,Xenophon,null,Greece,[],http://www.loyalbooks.com/download/text/Xenophons-Anabasis.txt

Clarissa, or, The History of a Young Lady,Samuel Richardson,Publication date 1748,Britain,[],http://www.loyalbooks.com/download/text/Clarissa-or-the-History-of-a-Young-Lady-vol-1-by-Samuel-Richardson.txt

Anne's House of Dreams,Lucy Maud Montgomery,Publication date 1917,Canada,[],http://www.loyalbooks.com/download/text/Annes-House-of-Dreams-by-Lucy-Maud-Montgomery.txt

The Expedition of Humphry Clinker,Tobias Smollett,Publication date 17 June 1771,United Kingdom,[Novel, Picaresque, Epistolary, Novel, Picaresque, Epistolary],http://www.loyalbooks.com/download/text/The-Expedition-of-Humphry-Clinker-by-Tobias-Smollett.txt

In Search of the Castaways,Jules Verne,in English 1873,France,[],http://www.loyalbooks.com/download/text/In-Search-of-the-Castaways-by-Jules-Verne.txt

Andrew Lang's Fairy Books,Andrew Lang,1889–1913,null,[],http://www.loyalbooks.com/download/text/Green-Fairy-Book.txt

The Door Through Space,Marion Zimmer Bradley,Publication date 1961,United States,[],http://www.loyalbooks.com/download/text/The-Door-Through-Space-by-Marion-Zimmer-Bradley.txt

The Thirty-Nine Steps,John Buchan,Publication date 1915,United Kingdom,[],http://www.loyalbooks.com/download/text/The-Thirty-Nine-Steps-by-John-Buchan.txt

The First Men in the Moon,H. G. Wells,1901[1] (George Newnes),United Kingdom,[],http://www.loyalbooks.com/download/text/The-First-Men-in-the-Moon-by-Hg-Wells.txt

Thoughts for the Time of War and Death,Sigmund Freud,null,null,[],http://www.loyalbooks.com/download/text/Reflections-on-War-and-Death-by-Sigmund-Freud.txt

War and Peace,Leo Tolstoy,Publication date Serialised 1865–1867; book 1869,Russia,[],http://www.loyalbooks.com/download/text/War-and-Peace-by-Leo-Tolstoy.txt

Howards End,E. M. Forster,Publication date 18 Oct 1910,United Kingdom,[],http://www.loyalbooks.com/download/text/Howards-End-by-E-M-Forster.txt

The Iron Heel,Jack London,1908 (Macmillan),United States,[],http://www.loyalbooks.com/download/text/Iron-Heel-Jack-London.txt

Walden,Henry David Thoreau,August 9, 1854[1] (Ticknor and Fields: Boston),United States,[],http://www.loyalbooks.com/download/text/Walden-by-Henry-David-Thoreau.txt

Women in Love,D. H. Lawrence,Publication date 1920,null,[],http://www.loyalbooks.com/download/text/Women-in-Love-by-D-H-Lawrence.txt

Andrew Lang's Fairy Books,Andrew Lang,1889–1913,null,[],http://www.loyalbooks.com/download/text/Brown-Fairy-Book-by-Andrew-Lang.txt

The Black Robe,Wilkie Collins,Publication date 1881,United Kingdom,[Epistolary, Mystery Novel, Sensation novel, Epistolary, Mystery Novel, Sensation novel],http://www.loyalbooks.com/download/text/Black-Robe-Wilkie-Collins.txt

The Getting of Wisdom,Henry Handel Richardson,Publication date 1910,Australia,[],http://www.loyalbooks.com/download/text/The-Getting-of-Wisdom-by-Henry-Handel-Richardson.txt

Around the World in Eighty Days,Jules Verne,in English 1873,Preceded by The Fur Country,[],http://www.loyalbooks.com/download/text/Around-the-World-in-80-Days-by-Jules-Verne.txt

The Wealth of Nations,Adam Smith,Publication date 1776,Scotland,[Economics, Philosophy],http://www.loyalbooks.com/download/text/The-Wealth-of-Nations-by-Adam-Smith.txt

Jude the Obscure,Thomas Hardy,Publication date 1895,United Kingdom,[],http://www.loyalbooks.com/download/text/Jude-the-Obscure-by-Thomas-Hardy.txt

Mike,P. G. Wodehouse,Publication date 15 September 1909,United Kingdom,[],http://www.loyalbooks.com/download/text/Mike-a-Public-School-Story-by-P-G-Wodehouse.txt

Pudd'nhead Wilson,Mark Twain,Publication date 1894[1],United States,[Humor, satire, alternate history, science fiction, fantasy, Humor, satire, alternate history, science fiction, fantasy],http://www.loyalbooks.com/download/text/The-Tragedy-of-Puddnhead-Wilson-version-2.txt

Chronicles of Avonlea,Lucy Maud Montgomery,Publication date 1912,Canada,[],http://www.loyalbooks.com/download/text/Chronicles-of-Avonlea-by-Lucy-Maud-Montgomery.txt

The Stones of Venice,John Ruskin,Publication date 1851 - 1853,United Kingdom,[],http://www.loyalbooks.com/download/text/Stones-of-Venice-volume-I-of-3-by-Ruskin.txt

Anne of the Island,Lucy Maud Montgomery,Publication date 1915,Canada,[],http://www.loyalbooks.com/download/text/Anne-of-the-Island-by-Lucy-Maud-Montgomery-2.txt

The Adventures of Pinocchio,Carlo Collodi,Publication date 1883,Italy,[Fiction, Literature, Fantasy, Children's book, Adventure, Fiction, Literature, Fantasy, Children's book, Adventure],http://www.loyalbooks.com/download/text/Adventures-of-Pinocchio-by-C-Collodi.txt

North and South,Elizabeth Gaskell,Publisher Chapman & Hall,England,[],http://www.loyalbooks.com/download/text/North-and-South-by-Elizabeth-Cleghorn-Gaskell-version-2.txt

null,Sarah Orne Jewett,Publication date 1884,Title A Doctor,[],http://www.loyalbooks.com/download/text/Country-Doctor-and-Selected-Stories-and-Sketches.txt

Little Fuzzy,H. Beam Piper,Publication date 1962,United States,[],http://www.loyalbooks.com/download/text/Little-Fuzzy.txt

The Adventures of Sherlock Holmes,Arthur Conan Doyle,Publication date 14 October 1892,United Kingdom,[],http://www.loyalbooks.com/download/text/The-Adventures-of-Sherlock-Holmes.txt

The Problems of Philosophy,Bertrand Russell,Publication date 1912,United Kingdom,[],http://www.loyalbooks.com/download/text/The-Problems-of-Philosophy-by-Bertrand-Russell.txt

The Wonderful Adventures of Nils,Selma Lagerlöf,null,Sweden,[],http://www.loyalbooks.com/download/text/The-Wonderful-Adventures-of-Nils-by-Selma-Lagerloef.txt

Twenty Thousand Leagues Under the Sea,Jules Verne,in English 1872,France,[],http://www.loyalbooks.com/download/text/Twenty-Thousand-Leagues-Under-the-Sea-by-Jules-Verne.txt

Isle Royale,null,null,null,[],http://www.loyalbooks.com/download/text/Copper-Princess-a-Story-of-Lake-Superior-Mines.txt

The Lost Stradivarius,J. Meade Falkner,Publication date 1895,United Kingdom,[],http://www.loyalbooks.com/download/text/The-Lost-Stradivarius-by-J-Meade-Falkner.txt

The Lone Star Ranger,Zane Grey,Publication date 1915,United States,[],http://www.loyalbooks.com/download/text/The-Lone-Star-Ranger-by-Zane-Grey.txt

The Emerald City of Oz,L. Frank Baum,Publication date 1910,United States,[],http://www.loyalbooks.com/download/text/The-Emerald-City-of-Oz-by-L-Frank-Baum.txt

Nicholas Nickleby,Charles Dickens,Publisher Chapman & Hall,England,[],http://www.loyalbooks.com/download/text/The-Life-and-Adventures-of-Nicholas-Nickleby-By.txt

The Trail of the Hawk,Sinclair Lewis,Publication date 1915,United States,[],http://www.loyalbooks.com/download/text/The-Trail-of-the-Hawk.txt

Tom Swift and His Aerial Warship,Victor Appleton,Publication date 1915,United States,[],http://www.loyalbooks.com/download/text/Tom-Swift-and-His-Aerial-Warship-or-the-Naval-Terror-of-the-Seas.txt

Personal Memoirs of Ulysses S. Grant,Ulysses S. Grant,Publication date 1885,U.S.,[],http://www.loyalbooks.com/download/text/Personal-Memoirs-of-U-S-Grant.txt

New Atlantis,Francis Bacon,Publication date 1624/1626,United Kingdom,[],http://www.loyalbooks.com/download/text/New-Atlantis-by-Francis-Bacon.txt

The Scarlet Plague,Jack London,Publication date 1912,United States,[],http://www.loyalbooks.com/download/text/The-Scarlet-Plague-by-Jack-London.txt

Ann Veronica,H. G. Wells,Publication date 1909,United Kingdom,[],http://www.loyalbooks.com/download/text/Ann-Veronica-by-H-G-Wells.txt

Jungle Tales of Tarzan,Edgar Rice Burroughs,Publication date 1916-1917,United States,[],http://www.loyalbooks.com/download/text/Jungle-Tales-of-Tarzan-by-Edgar-Rice-Burroughs.txt

Star Born,Andre Norton,1957 (World Publishing Company),United States,[],http://www.loyalbooks.com/download/text/Star-Born-by-Andre-Norton.txt

The Sea Hawk,Rafael Sabatini,Publication date 1915,United Kingdom,[],http://www.loyalbooks.com/download/text/The-Sea-Hawk-by-Rafael-Sabatini.txt

The Pursuit of the House-Boat,John Kendrick Bangs,Publication date 1897,United States,[],http://www.loyalbooks.com/download/text/Pursuit-of-the-House-Boat-by-Bangs.txt

Through the Looking-Glass,Lewis Carroll,Publication date 1871,United Kingdom,[],http://www.loyalbooks.com/download/text/Through-the-Looking-Glass-by-Lewis-Carroll.txt

Ivanhoe,Sir Walter Scott,Publication date 1820,United Kingdom,[Historical novel, chivalric romance, Historical novel, chivalric romance],http://www.loyalbooks.com/download/text/Ivanhoe-by-Sir-Walter-Scott.txt

Moon pool,null,null,null,[],http://www.loyalbooks.com/download/text/Moon-Pool.txt

The Trail of the Lonesome Pine,John Fox, Jr.,Publication date 1908,United States,[Western, Romance, Western, Romance],http://www.loyalbooks.com/download/text/The-Trail-of-the-Lonesome-Pine-by-John-Fox-Jnr.txt

The Prisoner of Zenda,Anthony Hope,Publication date 1894,United Kingdom,[],http://www.loyalbooks.com/download/text/The-Prisoner-of-Zenda-by-Anthony-Hope.txt

Les Misérables,Victor Hugo,Publication date 1862,France,[Epic novel, historical fiction, Epic novel, historical fiction],http://www.loyalbooks.com/download/text/Les-Miserables.txt

The Voyages of Doctor Dolittle,Hugh Lofting,Publication date 1922,United States of America,[Children's novel, animals, Children's novel, animals],http://www.loyalbooks.com/download/text/The-Voyages-of-Doctor-Dolittle-by-Hugh-Lofting.txt

The Elusive Pimpernel,Baroness Orczy,Publication date 1908,United Kingdom,[Adventure, Historical, Adventure, Historical],http://www.loyalbooks.com/download/text/The-Elusive-Pimpernel-by-Baroness-Emmuska-Orczy.txt

The Children of the New Forest,Frederick Marryat,Publication date 1847,United Kingdom,[],http://www.loyalbooks.com/download/text/The-Children-of-the-New-Forest-by-Frederick-Marryat.txt

Space Tug,Murray Leinster,Publication date 1953,United States,[],http://www.loyalbooks.com/download/text/Space-Tug-by-Murray-Leinster.txt

Shakespeare's Sonnets,William Shakespeare,Publication date 1609,England,[],http://www.loyalbooks.com/download/text/Sonnets-by-William-Shakespeare.txt

Basil,Wilkie Collins,1852,UK,[],http://www.loyalbooks.com/download/text/Basil-Wilkie-Collins.txt

Five Weeks in a Balloon,Jules Verne,in English 1869,France,[],http://www.loyalbooks.com/download/text/Five-Weeks-in-a-Balloon-by-Jules-Verne.txt

Zuleika Dobson,Max Beerbohm,Publication date 26 October 1911,United Kingdom,[Satirical, novel, Satirical, novel],http://www.loyalbooks.com/download/text/Zuleika-Dobson-by-Max-Beerbohm.txt

Looking Backward: 2000–1887,Edward Bellamy,Publisher • Ticknor & Co. (Jan. 1888) • Houghton Mifflin (Sept. 1889),United States,[],http://www.loyalbooks.com/download/text/Looking-Backward-2000-1887.txt

The Island of Doctor Moreau,H. G. Wells,1896 (Heinemann, Stone & Kimball[1]),United Kingdom,[],http://www.loyalbooks.com/download/text/The-Island-of-Dr-Moreau-by-Hg-Wells.txt

The Woman in White,Wilkie Collins,Publication date 26 November 1859 – 25 August 1860,United Kingdom,[Mystery novel, Sensation novel, Mystery novel, Sensation novel],http://www.loyalbooks.com/download/text/The-Woman-in-White-by-Wilkie-Collins.txt

Notes from Underground,Fyodor Dostoyevsky,in English 1918,Russia,[],http://www.loyalbooks.com/download/text/Notes-from-the-Underground-by-Fyodor-Dostoyevsky.txt

Jo's Boys,Louisa May Alcott,Publication date 1886,United States,[],http://www.loyalbooks.com/download/text/Jos-Boys-by-Louisa-May-Alcott.txt

Crome Yellow,Aldous Huxley,Publication date 1921,United Kingdom,[],http://www.loyalbooks.com/download/text/Crome-Yellow-by-Aldous-Huxley.txt

My Man Jeeves,P. G. Wodehouse,Publication date May 1919,United Kingdom,[],http://www.loyalbooks.com/download/text/My-Man-Jeeves-by-P-G-Wodehouse.txt

The Way We Live Now,Anthony Trollope,Publication date 1875,United Kingdom,[Satire, social commentary, serial novel, Satire, social commentary, serial novel],http://www.loyalbooks.com/download/text/The-Way-We-Live-Now-by-Anthony-Trollope.txt

The Napoleon of Notting Hill,G. K. Chesterton,Publication date 1904,United Kingdom,[Speculative fiction, political satire, Speculative fiction, political satire],http://www.loyalbooks.com/download/text/Napoleon-of-Notting-Hill-by-Chesterton.txt

A Shropshire Lad,Alfred Edward Housman,Publication date 1896,England,[],http://www.loyalbooks.com/download/text/A-Shropshire-Lad-by-Ae-Housman.txt

God the Invisible King,H. G. Wells,Publication date 1917,United Kingdom,[],http://www.loyalbooks.com/download/text/God-the-Invisible-King-by-H-G-Wells.txt

The Man from Snowy River and Other Verses,Banjo Paterson,Publication date 1895,Australia,[],http://www.loyalbooks.com/download/text/The-Man-from-Snowy-River-and-Other-Verses.txt

In Chancery,John Galsworthy,null,Great Britain,[],http://www.loyalbooks.com/download/text/In-Chancery-by-John-Galsworthy.txt

Ghost Stories of an Antiquary,M. R. James,Publication date 1904,UK,[],http://www.loyalbooks.com/download/text/Ghost-Stories-of-An-Antiquary-by-M-R-James.txt

The Songs of a Sentimental Bloke,C. J. Dennis,Publication date 1915,Australia,[],http://www.loyalbooks.com/download/text/Songs-of-a-Sentimental-Bloke.txt

Ragged Dick,Horatio Alger Jr.,Publication date May 5, 1868,United States,[],http://www.loyalbooks.com/download/text/Ragged-Dick-by-Horatio-Alger-Jr.txt

Villette,Charlotte Brontë,Publication date 1853,United Kingdom,[],http://www.loyalbooks.com/download/text/Villette-by-Charlotte-Bronte.txt

Martin Chuzzlewit,Charles Dickens,Publisher Chapman & Hall,England,[],http://www.loyalbooks.com/download/text/The-Life-and-Adventures-of-Martin-Chuzzlewit.txt

Beasts and Super-Beasts,Saki,Publication date 1914,null,[],http://www.loyalbooks.com/download/text/Beasts-and-Super-Beasts-by-Saki.txt

The Wrong Box,Robert Louis Stevenson Lloyd Osbourne,Publication date 1889,Scotland,[],http://www.loyalbooks.com/download/text/The-Wrong-Box-by-Robert-Louis-Stevenson-and-Lloyd-Osbourne.txt

Under the Greenwood Tree,Thomas Hardy,Publication date 1872,United Kingdom,[],http://www.loyalbooks.com/download/text/Under-the-Greenwood-Tree-by-Thomas-Hardy.txt

The Man That Corrupted Hadleyburg,Mark Twain,Publication date 1900[1],United States,[],http://www.loyalbooks.com/download/text/The-Man-That-Corrupted-Hadleyburg-and-Other-Stories-by-Mark-Twain.txt

White Fang,Jack London,Publication date May 1906,United States,[],http://www.loyalbooks.com/download/text/White-Fang-by-Jack-London.txt

Tom Swift In The Land of Wonders,Victor Appleton,Publication date 1917,United States,[],http://www.loyalbooks.com/download/text/Tom-Swift-in-the-Land-of-Wonders.txt

The Prince and Betty,P. G. Wodehouse,Publication date 14 February 1912 (US) 1 May 1912 (UK),United Kingdom,[],http://www.loyalbooks.com/download/text/Prince-and-Betty.txt

The Land That Time Forgot,Edgar Rice Burroughs,Publication date 1924,United States,[],http://www.loyalbooks.com/download/text/The-Land-That-Time-Forgot-by-Edgar-Rice-Burroughs.txt

The King of Ireland's Son,Padraic Colum,Publication date 1916,Ireland,[],http://www.loyalbooks.com/download/text/King-of-Irelands-Son-by-Padraic-Colum.txt

Dracula's Guest and Other Weird Stories,Bram Stoker,Publication date 1914,United Kingdom,[Short stories, horror fiction, Short stories, horror fiction],http://www.loyalbooks.com/download/text/Draculas-Guest.txt

David Elginbrod,George MacDonald,Publication date 1863,United Kingdom,[],http://www.loyalbooks.com/download/text/David-Elginbrod-by-George-Macdonald.txt

The Way of All Flesh,Samuel Butler,Publication date 1903,United Kingdom,[],http://www.loyalbooks.com/download/text/The-Way-of-All-Flesh-by-Samuel-Butler.txt

The Son of Tarzan,Edgar Rice Burroughs,Publication date 1915-1916,United States,[],http://www.loyalbooks.com/download/text/Son-of-Tarzan-by-Edgar-Rice-Burroughs.txt

Beyond Good and Evil,Friedrich Nietzsche,1886,Germany,[],http://www.loyalbooks.com/download/text/Beyond-Good-and-Evil-by-Friedrich-Nietzsche.txt

The Scarlet Letter,Nathaniel Hawthorne,Publication date 1850,United States,[Romantic, Historical, Romantic, Historical],http://www.loyalbooks.com/download/text/The-Scarlet-Letter-by-Nathaniel-Hawthorne.txt

The Sleeper Awakes,H. G. Wells,Publication date 1899, 1910,United Kingdom,[],http://www.loyalbooks.com/download/text/The-Sleeper-Awakes-by-Hg-Wells.txt

Ozma of Oz,L. Frank Baum,Publication date 1907,United States,[],http://www.loyalbooks.com/download/text/Ozma-of-Oz-by-L-Frank-Baum.txt

The Pirates of Zan,Murray Leinster,Publication date 1959,United States,[],http://www.loyalbooks.com/download/text/Pirates-of-Ersatz.txt

The Hunchback of Notre-Dame,Victor Hugo,in English 1833,France,[Romanticism, Gothic fiction, Romanticism, Gothic fiction],http://www.loyalbooks.com/download/text/Hunchback-of-Notre-Dame.txt

Right Ho, Jeeves,P. G. Wodehouse,Publication date 1934,United Kingdom,[],http://www.loyalbooks.com/download/text/Right-Ho-Jeeves-by-P-G-Wodehouse.txt

The Princess and Curdie,George MacDonald,Publication date 1883,United Kingdom,[],http://www.loyalbooks.com/download/text/The-Princess-and-Curdie-by-George-Macdonald.txt

The People That Time Forgot,Edgar Rice Burroughs,Publication date 1963,United States,[],http://www.loyalbooks.com/download/text/The-People-That-Time-Forgot-by-Edgar-Rice-Burroughs.txt

Pamela; or, Virtue Rewarded,Samuel Richardson,Publication date 1740,England,[],http://www.loyalbooks.com/download/text/Pamela-by-Samuel-Richardson.txt

The Prince,Niccolò Machiavelli,Publication date 1532[1],Italy,[],http://www.loyalbooks.com/download/text/The-Prince-by-Niccolo-Machiavelli.txt

Youth,Leo Tolstoy,1857 (Sovremennik),Russia,[],http://www.loyalbooks.com/download/text/Youth-Leo-Tolstoy.txt

The Jungle Book,Rudyard Kipling,Publication date 1894,United Kingdom,[],http://www.loyalbooks.com/download/text/The-Jungle-Book-by-Rudyard-Kipling.txt

The Natural History and Antiquities of Selborne,Gilbert White,Publication date 1789,England,[],http://www.loyalbooks.com/download/text/The-Natural-History-of-Selborne-by-Gilbert-White.txt

The Golden Bough,James George Frazer,Publication date 1890,United Kingdom,[],http://www.loyalbooks.com/download/text/The-Golden-Bough-by-Sir-James-Frazer.txt

Little Dorrit,Charles Dickens,Publisher Bradbury and Evans,England,[],http://www.loyalbooks.com/download/text/Little-Dorrit-by-Charles-Dickens.txt

Mansfield Park,Jane Austen,Publication date July 1814,United Kingdom,[],http://www.loyalbooks.com/download/text/Mansfield-Park-by-Jane-Austen.txt

Night and Day,Virginia Woolf,Publication date 20 October 1919,United Kingdom,[],http://www.loyalbooks.com/download/text/Night-and-Day-by-Virginia-Woolf.txt

The Seven Lamps of Architecture,John Ruskin,Publication date May 1849,United Kingdom,[],http://www.loyalbooks.com/download/text/Seven-Lamps-of-Architecture-by-John-Ruskin.txt

Psmith in the City,P. G. Wodehouse,Publication date 23 September 1910,United Kingdom,[],http://www.loyalbooks.com/download/text/Psmith-in-the-City-by-Pg-Wodehouse.txt

The Land of Little Rain,Mary Hunter Austin,Publication date 1903,United States,[],http://www.loyalbooks.com/download/text/Land-of-Little-Rain-by-Mary-Hunter-Austin-2.txt

Jill the Reckless,P. G. Wodehouse,Publication date 1920(US), 1921 (UK),United States,[],http://www.loyalbooks.com/download/text/Jill-the-Reckless.txt

A Horse's Tale,Mark Twain,Publication date 1907,United States,[],http://www.loyalbooks.com/download/text/Horses-Tale-Mark-Twain.txt

The Turn of the Screw,Henry James,Publication date October 1898,United States United Kingdom,[Horror fiction, gothic fiction, ghost story, Horror fiction, gothic fiction, ghost story],http://www.loyalbooks.com/download/text/The-Turn-of-the-Screw-by-Henry-James.txt

The Old Man in the Corner,Baroness Orczy,1908 Hodder & Stoughton,United Kingdom,[],http://www.loyalbooks.com/download/text/The-Old-Man-in-the-Corner-by-Baroness-Orczy.txt

American Fairy Tales,L. Frank Baum,Publication date 1901,United States,[],http://www.loyalbooks.com/download/text/American-Fairy-Tales.txt

A Dog of Flanders,Marie Louise de la Ramée,1872 (Chapman and Hall),UK,[Drama, Tragedy, Drama, Tragedy],http://www.loyalbooks.com/download/text/Dog-of-Flanders.txt

The Fortunes and Misfortunes of the Famous Moll Flanders,Daniel Defoe,Publisher William Rufus Chetwood,England,[],http://www.loyalbooks.com/download/text/Moll-Flanders-by-Daniel-Defoe.txt

The Coral Island,R. M. Ballantyne,Publication date 1858,null,[],http://www.loyalbooks.com/download/text/The-Coral-Island-by-R-M-Ballantyne.txt

Northanger Abbey,Jane Austen,Publication date December 1817,United Kingdom,[],http://www.loyalbooks.com/download/text/Northanger-Abbey-by-Jane-Austen.txt

A Dog's Tale,Mark Twain,1904 (Harper & Brothers),United States,[],http://www.loyalbooks.com/download/text/A-Dogs-Tale-by-Mark-Twain.txt

Mother Goose in Prose,L. Frank Baum,Publication date 1897,United States,[],http://www.loyalbooks.com/download/text/Mother-Goose-in-Prose-by-L-Frank-Baum.txt

The Mayor of Casterbridge,Thomas Hardy,Publication date 1886,United Kingdom,[],http://www.loyalbooks.com/download/text/The-Mayor-of-Casterbridge-by-Thomas-Hardy.txt

Democracy: An American Novel,Henry Adams,Publication date 1880,United States,[],http://www.loyalbooks.com/download/text/Democracy-An-American-Novel.txt

The Picture of Dorian Gray,Oscar Wilde,1890 Lippincott's Monthly Magazine,null,[],http://www.loyalbooks.com/download/text/Picture-of-Dorian-Gray.txt

The Eustace Diamonds,Anthony Trollope,Publication date July 1871 – February 1873 (serial); October 1872 (book),United Kingdom,[],http://www.loyalbooks.com/download/text/The-Eustace-Diamonds-by-Anthony-Trollope.txt

O Pioneers!,Willa Cather,Publication date 1913,United States,[],http://www.loyalbooks.com/download/text/O-Pioneers-by-Willa-Cather.txt

The Art of War,(trad.) Sun Tzu,Publication date 5th century BC,China,[],http://www.loyalbooks.com/download/text/The-Art-of-War-by-Sun-Tzu-2.txt

Thuvia, Maid of Mars,Edgar Rice Burroughs,,Publication date 1916,United States,[],http://www.loyalbooks.com/download/text/Thuvia-Maid-of-Mars-by-Edgar-Rice-Burroughs.txt

A New System of Domestic Cookery: Formed Upon Principles of Economy; and Adapted to the Use of Private Families,Mrs Rundell,Publication date 1806,England,[],http://www.loyalbooks.com/download/text/Domestic-Cookery-by-Elizabeth-E-Lea.txt

Devotions upon Emergent Occasions,null,Publication date 1624 (1624),Kingdom of England,[],http://www.loyalbooks.com/download/text/Devotions-Upon-Emergent-Occasions-by-John-Donne.txt

The Adventures of Tom Sawyer,Mark Twain,Publication date 1876[1],United States,[Bildungsroman, Picaresque Novel, Satire, Folk, Children's Literature, Bildungsroman, Picaresque Novel, Satire, Folk, Children's Literature],http://www.loyalbooks.com/download/text/Tom-Sawyer-by-Mark-Twain.txt

The Big Time,Fritz Leiber,Publication date 1958 (as a serial), 1961 (as a novel),United States,[],http://www.loyalbooks.com/download/text/Big-Time-by-Fritz-Leiber.txt

1906 San Francisco earthquake,null,null,null,[],http://www.loyalbooks.com/download/text/San-Francisco-Calamity-by-Earthquake-and-Fire.txt

The Three Musketeers,null,Publication date March–July 1844 (serialised),France,[],http://www.loyalbooks.com/download/text/The-Three-Musketeers-by-Alexandre-Dumas.txt

Paradise Lost,John Milton,Publication date 1667,England,[Epic poetry, Christian mythology, Epic poetry, Christian mythology],http://www.loyalbooks.com/download/text/Paradise-Lost-by-John-Milton.txt

The Gilded Age: A Tale of Today,Mark Twain, Charles Dudley Warner,Publication date 1873,United States,[],http://www.loyalbooks.com/download/text/Gilded-Age-a-Tale-of-Today.txt

Rainbow Valley,Lucy Maud Montgomery,Publication date 1919,Canada,[],http://www.loyalbooks.com/download/text/Rainbow-Valley.txt

A Room with a View,E. M. Forster,Publication date 1908,United Kingdom,[],http://www.loyalbooks.com/download/text/A-Room-With-a-View-by-Em-Forster.txt

Roughing It,Mark Twain,Publication date 1872[1],United States,[],http://www.loyalbooks.com/download/text/Roughing-It.txt

Jane Eyre,Charlotte Brontë,Publication date 16 October 1847 (1847-10-16),United Kingdom,[],http://www.loyalbooks.com/download/text/Jane-Eyre-version-3-by-Charlotte-Bronte.txt

The Cynic's Word Book,Ambrose Bierce,in English 1906,Great Britain (first British edition),[Reference, satire, humor, Reference, satire, humor],http://www.loyalbooks.com/download/text/The-Devils-Dictionary-by-Ambrose-Bierce.txt

The Wood Beyond the World,William Morris,Publication date 1894,United Kingdom,[],http://www.loyalbooks.com/download/text/The-Wood-Beyond-the-World-by-William-Morris.txt

Roosevelt–Rondon Scientific Expedition,null,null,null,[],http://www.loyalbooks.com/download/text/Through-the-Brazilian-Wilderness-by-Theodore-Roosevelt.txt

Life on the Mississippi,Mark Twain,Publication date 1883,United States and England,[],http://www.loyalbooks.com/download/text/Life-on-the-Mississippi-by-Mark-Twain.txt

Sky Island,L. Frank Baum,Publication date 1912,United States,[],http://www.loyalbooks.com/download/text/Sky-Island-by-L-Frank-Baum.txt

Alexander's Bridge,Willa Cather,Publication date 1912,United States,[],http://www.loyalbooks.com/download/text/Alexanders-Bridge-by-Willa-Sibert-Cather.txt

Wives and Daughters,Elizabeth Gaskell,Publisher Cornhill Magazine (serial); Smith, Elder and Company, book,England,[],http://www.loyalbooks.com/download/text/Wives-and-Daughters-by-Elizabeth-Gaskell.txt

On Liberty,John Stuart Mill,Publication date 1859,United Kingdom,[],http://www.loyalbooks.com/download/text/On-Liberty-by-John-Stuart-Mill.txt

Michael Strogoff,Jules Verne,in English 1876,France,[],http://www.loyalbooks.com/download/text/Michael-Strogoff-by-Jules-Verne.txt

Don Quixote,Miguel de Cervantes,in English 1612 (Part One) 1620 (Part Two),Spain,[],http://www.loyalbooks.com/download/text/Don-Quixote-vol-1-by-Miguel-De-Cervantes-Saavedra.txt

The Europeans,Henry James,Publication date Macmillan: 18 September 1878 Houghton: 12 October 1878,United Kingdom, United States,[],http://www.loyalbooks.com/download/text/The-Europeans-by-Henry-James.txt

Anthem,Ayn Rand,Publication date 1938 (first) 1946 (revised),null,[],http://www.loyalbooks.com/download/text/Anthem-by-Ayn-Rand.txt

Chamber Music,James Joyce,Publication date 1907,Ireland,[],http://www.loyalbooks.com/download/text/Chamber-Music-by-James-Joyce.txt

Tess of the d'Urbervilles: A Pure Woman Faithfully Presented,Thomas Hardy,Publisher James R. Osgood, McIlvaine & Co.,United Kingdom,[],http://www.loyalbooks.com/download/text/Tess-of-the-Durbervilles.txt

Andrew Lang's Fairy Books,Andrew Lang,1889–1913,null,[],http://www.loyalbooks.com/download/text/Grey-Fairy-Book.txt

Moby-Dick; or, The Whale,Herman Melville,Publication date October 18, 1851 (Britain) November 14, 1851 (US),United States,[Novel, adventure fiction, epic, sea story, encyclopedic novel, Novel, adventure fiction, epic, sea story, encyclopedic novel],http://www.loyalbooks.com/download/text/Moby-Dick-by-Herman-Melville.txt

The Poison Belt,Arthur Conan Doyle,Publication date 1913,United Kingdom,[],http://www.loyalbooks.com/download/text/The-Poison-Belt-by-Sir-Arthur-Conan-Doyle.txt

The Royal Book of Oz,Ruth Plumly Thompson (mentions L. Frank Baum as author),Publication date 1921,United States,[],http://www.loyalbooks.com/download/text/Royal-Book-of-Oz.txt

Little Women,Louisa May Alcott,Publication date 1868 (1st volume) 1869 (2nd volume),United States,[],http://www.loyalbooks.com/download/text/Little-Women-by-Louisa-May-Alcott.txt

A Little Princess,Frances Hodgson Burnett,Copyright: Public Domain (In most Countries),United States,[],http://www.loyalbooks.com/download/text/A-Little-Princess-by-Frances-Hodgson-Burnett-2.txt

Lilith,George MacDonald,Publication date 1895,United Kingdom,[],http://www.loyalbooks.com/download/text/Lilith-by-George-Macdonald.txt

Flatland: A Romance of Many Dimensions,Edwin A. Abbott,Publication date 1884,United Kingdom,[],http://www.loyalbooks.com/download/text/Flatland-a-Romance-of-Many-Dimensions-by-Edwin-Abbott-Abbott.txt

The Merry Adventures of Robin Hood of Great Renown in Nottinghamshire,Howard Pyle,1883 (Scribner's),United States,[Children's literature, historical fiction, Children's literature, historical fiction],http://www.loyalbooks.com/download/text/The-Merry-Adventures-of-Robin-Hood-by-Howard-Pyle.txt

It's Like This, Cat,Emily Cheney Neville,Publication date 1963,United States,[],http://www.loyalbooks.com/download/text/Its-Like-This-Cat-by-Emily-Neville.txt

The River War: An Historical Account of the Reconquest of the Soudan,Winston Churchill,Publication date 1899,United Kingdom,[],http://www.loyalbooks.com/download/text/River-War-An-Account-of-the-Reconquest-of-the-Sudan.txt

The House on the Borderland,William Hope Hodgson,Publication date 1908,United Kingdom,[],http://www.loyalbooks.com/download/text/The-House-on-the-Borderland-by-William-Hope-Hodgson.txt

Apologia Pro Vita Sua,John Henry Newman,Publication date 1864,England,[],http://www.loyalbooks.com/download/text/Apologia-Pro-Vita-Sua.txt

The Club of Queer Trades,G. K. Chesterton,Publication date 1905,United Kingdom,[],http://www.loyalbooks.com/download/text/The-Club-of-Queer-Trades-by-G-K-Chesterton.txt

Journey to the Center of the Earth,Jules Verne,in English 1871,France,[Science fiction, adventure novel, Science fiction, adventure novel],http://www.loyalbooks.com/download/text/A-Journey-to-the-Interior-of-the-Earth-by-Jules-Verne.txt

Daddy-Long-Legs,Jean Webster,Publication date 1912,null,[],http://www.loyalbooks.com/download/text/Daddy-Long-Legs-by-Jean-Webster.txt

Something Fresh,P. G. Wodehouse,Publication date 16 September 1915,United Kingdom,[],http://www.loyalbooks.com/download/text/Something-New-by-Pg-Wodehouse.txt

The Virginian,Owen Wister, (1860-1938),Publication date 1902,United States,[],http://www.loyalbooks.com/download/text/The-Virginian-by-Owen-Wister.txt

Pride and Prejudice,Jane Austen,Publication date 28 January 1813,United Kingdom,[],http://www.loyalbooks.com/download/text/Pride-and-Prejudice-by-Jane-Austen.txt

The Canterbury Tales,Geoffrey Chaucer,Publication date 1387,England,[],http://www.loyalbooks.com/download/text/The-Canterbury-Tales-by-Geoffrey-Chaucer.txt

Barbarians,null,null,null,[],http://www.loyalbooks.com/download/text/British-Barbarians.txt

Space Viking,H. Beam Piper,Publication date 1963,United States,[],http://www.loyalbooks.com/download/text/Space-Viking-by-H-Beam-Piper.txt

The Story of the Treasure Seekers,E. Nesbit,Publication date 1899,United Kingdom,[],http://www.loyalbooks.com/download/text/The-Story-of-the-Treasure-Seekers-by-E-Nesbit.txt

An Englishwoman's Love-letters,Laurence Housman,1900 (John Murray),United Kingdom,[],http://www.loyalbooks.com/download/text/An-Englishwomans-Love-Letters.txt

The Marvelous Land,L. Frank Baum,Publication date July 5, 1904,United States,[],http://www.loyalbooks.com/download/text/The-Marvelous-Land-of-Oz-by-L-Frank-Baum.txt

Little Lord Fauntleroy,Frances Hodgson Burnett,Publication date November 1885 – October 1886 (magazine) 1886 (novel),United States,[],http://www.loyalbooks.com/download/text/Little-Lord-Fauntleroy-by-Frances-Hodgson-Burnett-2.txt

The American Claimant,Mark Twain,Publication date 1892,United States,[Humor, Satire, alternate history, science fiction, fantasy, Humor, Satire, alternate history, science fiction, fantasy],http://www.loyalbooks.com/download/text/American-Claimant-by-Mark-Twain.txt

The Deerslayer,James Fenimore Cooper,1841 (Lea & Blanchard: Philadelphia),United States,[Adventure novel, Historical novel, Adventure novel, Historical novel],http://www.loyalbooks.com/download/text/Deerslayer-James-Cooper.txt

The Chimes,Charles Dickens,Publication date 1844,England,[],http://www.loyalbooks.com/download/text/Chimes-Charles-Dickens.txt

The Book of the Thousand Nights and a Night,null,Publication date 1885,United Kingdom,[],http://www.loyalbooks.com/download/text/The-Book-of-a-Thousand-Nights-and-a-Night-volume-01-by-Anonymous.txt

A Sicilian Romance,Ann Radcliffe,Hookham and Carpenter, 1790,null,[],http://www.loyalbooks.com/download/text/Sicilian-Romance.txt

Rasselas Prince of Abissinia,Samuel Johnson,Publication date April 1759,United Kingdom,[Apologue, Theodicy, Fable],http://www.loyalbooks.com/download/text/Rasselas-Prince-of-Abyssinia-by-Samuel-Johnson.txt

A Traveller In War-Time,Winston Churchill,Publication date July 1918,United States,[],http://www.loyalbooks.com/download/text/Traveller-in-War-Time.txt

American Notes,Charles Dickens,Publication date 19 October 1842,England,[],http://www.loyalbooks.com/download/text/American-Notes-by-Charles-Dickens.txt

Our Mutual Friend,Charles Dickens,Publication date Serialized 1864–5; book form 1865,United Kingdom,[],http://www.loyalbooks.com/download/text/Our-Mutual-Friend-by-Charles-Dickens.txt

Black Beauty,Anna Sewell,Publication date 24 November 1877,United Kingdom,[],http://www.loyalbooks.com/download/text/Black-Beauty-by-Anna-Sewell-version-2.txt

null,H. Rider Haggard,Publication date 1888,Title Colonel Quaritch, V.C.: A Tale of Life,[],http://www.loyalbooks.com/download/text/Colonel-Quaritch-Vc-a-Tale-of-Country-Life.txt

Treasure Island,Robert Louis Stevenson,Publication date 14 Nov 1883 (serialized 1881-82),Scotland,[],http://www.loyalbooks.com/download/text/Treasure-Island-by-Robert-Louis-Stevenson-2.txt

A Voyage to Arcturus,David Lindsay,Publication date 1920,United Kingdom,[Fantasy, Science fiction],http://www.loyalbooks.com/download/text/Voyage-to-Arcturus.txt

Maya the Bee,Waldemar Bonsels,null,Germany,[],http://www.loyalbooks.com/download/text/The-Adventures-of-Maya-the-Bee-by-Waldemar-Bonsels.txt

Middlemarch, A Study of Provincial Life,George Eliot (Mary Ann Evans),Publisher William Blackwood and Sons,null,[],http://www.loyalbooks.com/download/text/Middlemarch-by-George-Eliot.txt

The Enchanted Island of Yew,L. Frank Baum,Publication date 1903,United States,[],http://www.loyalbooks.com/download/text/The-Enchanted-Island-of-Yew-by-L-Frank-Baum.txt

The Home and the World,Rabindranath Tagore,Publication date 1916,India,[],http://www.loyalbooks.com/download/text/The-Home-and-the-World-by-Rabindranath-Tagore.txt

The Forsyte Saga,John Galsworthy,Publication date 1906–1921 (serialised),null,[],http://www.loyalbooks.com/download/text/Man-of-Property-by-John-Galsworthy.txt

Storm Over Warlock,Andre Norton,1960 (World Publishing Company),United States of America and Canada,[],http://www.loyalbooks.com/download/text/Storm-Over-Warlock-by-Andre-Norton-2.txt

James B. Connolly,null,null,United States,[],http://www.loyalbooks.com/download/text/U-Boat-Hunters-by-James-B-Connolly.txt

Lorna Doone,R. D. Blackmore,Publisher Sampson Low, Son, & Marston,United Kingdom,[],http://www.loyalbooks.com/download/text/Lorna-Doone-a-Romance-of-Exmoor-by-Richard-Doddridge-Blackmore.txt

Where Angels Fear to Tread,E. M. Forster,Publication date 1905,United Kingdom,[],http://www.loyalbooks.com/download/text/Where-Angels-Fear-to-Tread-by-E-M-Forster.txt

P.G. Wodehouse bibliography,null,null,null,[],http://www.loyalbooks.com/download/text/A-Wodehouse-Miscellany-by-Pg-Wodehouse.txt

Crime and Punishment,Fyodor Dostoyevsky,Publication date 1866; separate edition 1867,null,[],http://www.loyalbooks.com/download/text/Crime-and-Punishment-by-Fyodor-Dostoyevsky.txt

The Secret Agent,Joseph Conrad,Publication date September 1907,United Kingdom,[],http://www.loyalbooks.com/download/text/The-Secret-Agent-by-Joseph-Conrad.txt

Principles of Political Economy,John Stuart Mill,Publication date 1848,United Kingdom,[],http://www.loyalbooks.com/download/text/Essays-on-Political-Economy-by-John-Stuart-Mill.txt

The Golden Bowl,Henry James,Publication date 10 November 1904,United States,[],http://www.loyalbooks.com/download/text/The-Golden-Bowl-by-Henry-James.txt

Siddhartha,Hermann Hesse,Publication date 1922, 1951 (U.S.),Germany,[],http://www.loyalbooks.com/download/text/Siddhartha-by-Hermann-Hesse.txt

Daniel Deronda,George Eliot,Publication date 1876,United Kingdom,[],http://www.loyalbooks.com/download/text/Daniel-Deronda-by-George-Eliot.txt

The Warden,Anthony Trollope,Publication date 5 January 1855[1],England,[],http://www.loyalbooks.com/download/text/The-Warden-by-Anthony-Trollope-2.txt

Starman's Quest,Robert Silverberg,Publication date 1958,United States,[],http://www.loyalbooks.com/download/text/Starmans-Quest-by-Robert-Silverberg.txt

Eight Hundred Leagues on the Amazon,Jules Verne,in English 1881,France,[],http://www.loyalbooks.com/download/text/Eight-Hundred-Leagues-on-the-Amazon.txt

Tom Brown's School Days,Thomas Hughes,Publication date 1857,United Kingdom,[],http://www.loyalbooks.com/download/text/Tom-Browns-School-Days-by-Thomas-Hughes.txt

A Tale of Two Cities,Charles Dickens,Publisher London: Chapman & Hall,United Kingdom,[],http://www.loyalbooks.com/download/text/A-Tale-of-Two-Cities-by-Charles-Dickens.txt

Boyhood,Leo Tolstoy,Publication date 1854,Russia,[],http://www.loyalbooks.com/download/text/Boyhood-Leo-Tolstoy.txt

Alice's Adventures in Wonderland,Lewis Carroll,Publication date 26 November 1865,United Kingdom,[],http://www.loyalbooks.com/download/text/Alices-Adventures-in-Wonderland-by-Lewis-Carroll.txt

Greenmantle,John Buchan,Publication date 1916,United Kingdom,[],http://www.loyalbooks.com/download/text/Greenmantle-by-John-Buchan.txt

The Metal Monster,Abraham Merritt,Publication date 1941,United States,[],http://www.loyalbooks.com/download/text/The-Metal-Monster-by-Abraham-Merritt.txt

A Strange Manuscript Found in a Copper Cylinder,James De Mille,Publication date 1888,Canada,[],http://www.loyalbooks.com/download/text/A-Strange-Manuscript-Found-in-a-Copper-Cylinder-by-James-De-Mille.txt

Free Air,Sinclair Lewis,Publication date 1919,United States,[],http://www.loyalbooks.com/download/text/Free-Air-by-Sinclair-Lewis.txt

The Count of Monte Cristo,Alexandre Dumas in collaboration with Auguste Maquet,Publication date 1844–1845 (serialised),France,[],http://www.loyalbooks.com/download/text/The-Count-of-Monte-Cristo-by-Alexandre-Dumas.txt

The House of the Seven Gables,Nathaniel Hawthorne,Publication date March 1851,United States,[],http://www.loyalbooks.com/download/text/The-House-of-the-Seven-Gables-by-Nathaniel-Hawthorne.txt

The Defiant Agents,Andre Norton,Publication date 1962,United States,[],http://www.loyalbooks.com/download/text/The-Defiant-Agents-by-Andre-Norton.txt

The Time Machine,H. G. Wells,1895 (William Heinemann),United Kingdom,[],http://www.loyalbooks.com/download/text/The-Time-Machine-by-Hg-Wells.txt

At the Back of the North Wind,George MacDonald,Publication date 1871,United Kingdom,[],http://www.loyalbooks.com/download/text/At-the-Back-of-the-North-Wind-by-George-Macdonald.txt

The Grand Babylon Hotel,Arnold Bennett,Publication date January 1902,United Kingdom,[],http://www.loyalbooks.com/download/text/The-Grand-Babylon-Hotel-by-Arnold-Bennett.txt

The Hollow Needle (French: L'Aiguille creuse),Maurice Leblanc,Publication date 1909,France,[],http://www.loyalbooks.com/download/text/Hollow-Needle-by-Maurice-Leblanc.txt

Phineas Redux,Anthony Trollope,Publication date 19 July 1873 – 10 January 1874 (serial); December 1874 (book)[1],England,[],http://www.loyalbooks.com/download/text/Phineas-Redux-by-Anthony-Trollope.txt

A Journal of the Plague Year,Daniel Defoe,Publication date 1722,United Kingdom,[],http://www.loyalbooks.com/download/text/A-Journal-of-the-Plague-Year-by-Daniel-Defoe.txt

James B. Connolly,null,null,United States,[],http://www.loyalbooks.com/download/text/Trawler-James-Connolly.txt

The Outlaw of Torn,Edgar Rice Burroughs,Publication date 1927,United States,[],http://www.loyalbooks.com/download/text/Outlaw-of-Torn.txt

Wuthering Heights,Emily Brontë,Publisher Thomas Cautley Newby,United Kingdom,[],http://www.loyalbooks.com/download/text/Wuthering-Heights-by-Emily-Bronte-2.txt

The Magic Pudding,Norman Lindsay,Publication date 1918,Australia,[Children's novel, Picaresque novel],http://www.loyalbooks.com/download/text/Magic-Pudding-by-Norman-Lindsay-2.txt

The Conquest of Bread,Peter Kropotkin,Publication date 1892,France,[],http://www.loyalbooks.com/download/text/The-Conquest-of-Bread-by-Peter-Kropotkin.txt

The Golden Road,Lucy Maud Montgomery,Publication date 1913,Canada,[],http://www.loyalbooks.com/download/text/The-Golden-Road-by-Lucy-Maud-Montgomery.txt

The Tenant of Wildfell Hall,Anne Brontë (as "Acton Bell"),Publication date June 1848,United Kingdom,[Epistolary novel, social criticism],http://www.loyalbooks.com/download/text/The-Tenant-of-Wildfell-Hall-by-Anne-Bronte.txt

Typee,Herman Melville,1846 (New York: Wiley and Putnam) 1846 (London: John Murray),United States, England,[],http://www.loyalbooks.com/download/text/Typee-by-Herman-Melville.txt

The Sea-Wolf,Jack London,1904, Macmillan,United States,[],http://www.loyalbooks.com/download/text/The-Sea-Wolf-by-Jack-London.txt

Twenty Years After,Alexandre Dumas in collaboration with Auguste Maquet,Publication date French, serialized 1845,France,[Historical, romantic],http://www.loyalbooks.com/download/text/Twenty-Years-After-by-Alexandre-Dumas.txt

External video,null,null,null,[],http://www.loyalbooks.com/download/text/Chemical-History-of-a-Candle.txt

Ayesha,H. Rider Haggard,Publication date 1905,United Kingdom,[Fantasy, Adventure novel],http://www.loyalbooks.com/download/text/Ayesha-the-Return-of-She-by-H-Rider-Haggard.txt

Sylvie and Bruno Sylvie and Bruno Concluded,Lewis Carroll,Publication date 13 December 1889 29 December 1893,United Kingdom,[],http://www.loyalbooks.com/download/text/Sylvie-and-Bruno-by-Lewis-Carroll.txt

Leaves of Grass,Walt Whitman,Publication date July 4, 1855,United States,[],http://www.loyalbooks.com/download/text/Leaves-of-Grass-by-Walt-Whitman.txt

Common Sense,Thomas Paine,January 10, 1776,United States,[],http://www.loyalbooks.com/download/text/Common-Sense-by-Thomas-Paine.txt

Michael O'Halloran,Gene Stratton-Porter,Publication date 1915,United States,[],http://www.loyalbooks.com/download/text/Michael-Ohalloran-by-Gene-Stratton-Porter.txt

Eldorado,Baroness Orczy,Publication date 1913,United Kingdom,[Adventure, Historical novel],http://www.loyalbooks.com/download/text/El-Dorado-by-Baroness-Orczy.txt

Eve's Diary,Mark Twain,Publication date 1906,United States,[],http://www.loyalbooks.com/download/text/Eves-Diary-by-Mark-Twain.txt

Children's and Household Tales or Grimm's Fairy Tales,Jacob and Wilhelm Grimm,1812,Germany,[],http://www.loyalbooks.com/download/text/Fairy-Tales-by-the-Brothers-Grimm.txt

The Kingdom of God is Within You,Leo Tolstoy,1894,Russia (written)/Germany (first published),[],http://www.loyalbooks.com/download/text/Kingdom-of-God-Is-Within-You.txt

A Connecticut Yankee in King Arthur's Court,Mark Twain,1889 (Charles L. Webster and Co.)[1],United States,[humor, satire, alternate history, science fiction (time travel), fantasy],http://www.loyalbooks.com/download/text/A-Connecticut-Yankee-in-King-Arthurs-Court-by-Mark-Twain-2.txt

The White Company,Arthur Conan Doyle,Publication date 1891,United Kingdom,[],http://www.loyalbooks.com/download/text/The-White-Company-by-Sir-Arthur-Conan-Doyle.txt

The Life and The Death of Late Jonathan Wild, the Great.,Henry Fielding,Publication date 1743,England,[],http://www.loyalbooks.com/download/text/The-History-of-the-Life-of-the-Late-Mr-Jonathan-Wild.txt

Ethan Frome,Edith Wharton,Publication date September 1911,United States,[],http://www.loyalbooks.com/download/text/Ethan-Frome-by-Edith-Wharton.txt

Rubáiyát of Omar Khayyám, the Astronomer-Poet of Persia. Rendered into English Verse,null,null,null,[],http://www.loyalbooks.com/download/text/The-Rubaiyat-of-Omar-Khayyam-by-Omar-Khayyam.txt

The Life and Letters of Charles Darwin,Charles Darwin, edited by Francis Darwin,Publication date 1887,England,[],http://www.loyalbooks.com/download/text/The-Autobiography-of-Charles-Darwin-by-Charles-Darwin.txt

The Brothers Karamazov,Fyodor Dostoyevsky,Publication date 1879–1880; separate edition 1880,Russia,[],http://www.loyalbooks.com/download/text/Brothers-Karamazov.txt

The Book of Tea,Okakura Kakuz?,Publication date 1906,United States,[],http://www.loyalbooks.com/download/text/The-Book-of-Tea-by-Okakura-Kakuzo.txt

Winesburg, Ohio,Sherwood Anderson,Publication date 8 May 1919 (1st edition),United States,[],http://www.loyalbooks.com/download/text/Winesburg-Ohio-by-Sherwood-Anderson.txt

Incidents in the Life of a Slave Girl,Harriet Ann Jacobs,Publication date 1861,null,[],http://www.loyalbooks.com/download/text/Incidents-in-the-Life-of-a-Slave-Girl-by-Harriet-Jacobs.txt

The Farther Adventures of Robinson Crusoe,Daniel Defoe,Publication date 1719,England,[],http://www.loyalbooks.com/download/text/Further-Adventures-of-Robinson-Crusoe.txt

Adam Bede,George Eliot,Publication date 1859,England,[],http://www.loyalbooks.com/download/text/Adam-Bede-by-George-Eliot.txt

A Small Boy and Others,Henry James,29 March 1913 Charles Scribner's Sons, New York City 1 April 1913 Macmillan and Co., London,United States, United Kingdom,[],http://www.loyalbooks.com/download/text/A-Small-Boy-and-Others-by-Henry-James.txt

Kim,Rudyard Kipling,Publication date October 1901,United Kingdom,[Spy & Picaresque novel,],http://www.loyalbooks.com/download/text/Kim-by-Rudyard-Kipling.txt

News from Nowhere (or An Epoch of Rest),William Morris,Publication date 1890,United Kingdom,[],http://www.loyalbooks.com/download/text/News-from-Nowhere-or-An-Epoch-of-Rest-Being-So.txt

Arsène Lupin, Gentleman Burglar,Maurice Leblanc,Publication date 10 June 1907,France,[],http://www.loyalbooks.com/download/text/The-Extraordinary-Adventures-of-Arsene-Lupin-Gentleman-Burglar.txt

The Secret Sharer,Joseph Conrad,Publication date 1910,null,[],http://www.loyalbooks.com/download/text/Secret-Sharer.txt

Carmilla,Sheridan Le Fanu,Publication date 1871-72,Isle of Man,[],http://www.loyalbooks.com/download/text/Carmilla-by-Sheridan-Lefanu.txt

The Phantom of the Opera,Gaston Leroux,in English 1911,France,[],http://www.loyalbooks.com/download/text/The-Phantom-of-the-Opera-by-Gaston-Leroux-2.txt

The Black Arrow: A Tale of the Two Roses,Robert Louis Stevenson,Publication date 1888,United Kingdom,[Historical, Adventure, Romance novel],http://www.loyalbooks.com/download/text/The-Black-Arrow-a-Tale-of-Two-Roses.txt

The Magic City,Edith Nesbit,Publication date 1910,United Kingdom,[],http://www.loyalbooks.com/download/text/The-Magic-City-by-E-Nesbit.txt

My Ántonia,Willa Cather,Publication date 1918,United States,[],http://www.loyalbooks.com/download/text/My-Antonia-by-Willa-Cather.txt

Far from the Madding Crowd,Thomas Hardy,Publication date 1874,England,[],http://www.loyalbooks.com/download/text/Far-from-the-Madding-Crowd-by-Thomas-Hardy.txt

The Wide, Wide World,Susan Warner,Publication date 1850,United States,[],http://www.loyalbooks.com/download/text/The-Wide-Wide-World-by-Susan-Warner.txt

Kenilworth,Sir Walter Scott,Publication date 8 January 1821,United Kingdom,[],http://www.loyalbooks.com/download/text/Kenilworth-Sir-Walter-Scott.txt

A Modest Proposal,Jonathan Swift,Publication date 1729,null,[],http://www.loyalbooks.com/download/text/A-Modest-Proposal-by-Jonathan-Swift.txt

Poor Miss Finch,Wilkie Collins,Publication date 1872,United Kingdom,[],http://www.loyalbooks.com/download/text/Poor-Miss-Finch.txt

Life of Samuel Johnson,James Boswell,Publication date 1791,United Kingdom,[],http://www.loyalbooks.com/download/text/The-Life-of-Samuel-Johnson-vol-1-by-James-Boswell.txt

Lady Audley's Secret,Mary Elizabeth Braddon,1862 (William Tinsley),United Kingdom,[],http://www.loyalbooks.com/download/text/Lady-Audleys-Secret-by-Mary-Elizabeth-Braddon.txt

David Copperfield,Charles Dickens,Publisher Bradbury & Evans,United Kingdom,[],http://www.loyalbooks.com/download/text/David-Copperfield-by-Charles-Dickens.txt

Childhood,Lev Tolstoy,Publication date 1852,Russia,[],http://www.loyalbooks.com/download/text/Childhood-English-Trans-by-Leo-Tolstoy-Translated-by-C-J-Hogarth.txt

The Water-Babies, a Fairy Tale for a Land Baby,Charles Kingsley,London: Macmillan, 1863[1],null,[],http://www.loyalbooks.com/download/text/The-Water-Babies-by-Charles-Kingsley.txt

Anarchism and Other Essays,Emma Goldman,Publication date 1910,United States,[],http://www.loyalbooks.com/download/text/Anarchism-and-Other-Essays-by-Emma-Goldman.txt

A Damsel in Distress,P. G. Wodehouse,Publication date 1919,null,[],http://www.loyalbooks.com/download/text/A-Damsel-in-Distress-by-P-G-Wodehouse.txt

Orthodoxy,G. K. Chesterton,Publication date 1908,United Kingdom,[],http://www.loyalbooks.com/download/text/Orthodoxy-by-Gk-Chesterton.txt

The War in the Air,H. G. Wells,1908[1] (George Bell & Sons),United Kingdom,[],http://www.loyalbooks.com/download/text/War-in-the-Air-by-H-G-Wells.txt

Silas Marner,George Eliot,Publication date 1861,United Kingdom,[],http://www.loyalbooks.com/download/text/Silas-Marner-by-George-Eliot.txt

1601,Mark Twain,null,null,[],http://www.loyalbooks.com/download/text/1601-by-Mark-Twain.txt

Master of the World,Jules Verne,in English 1911,France,[Science fiction, adventure novel],http://www.loyalbooks.com/download/text/The-Master-of-the-World-by-Jules-Verne.txt

The Jewel of Seven Stars,Bram Stoker,Publication date 1903,United Kingdom,[],http://www.loyalbooks.com/download/text/The-Jewel-of-Seven-Stars-by-Bram-Stoker.txt

The Swiss Family Robinson,Johann David Wyss,Publication date 1812,Switzerland,[],http://www.loyalbooks.com/download/text/The-Swiss-Family-Robinson-by-Johann-David-Wyss.txt

A Modern Utopia,H. G. Wells,Publication date April 1905 (serialized in the Fortnightly Review, October 1904-April 1905),England,[],http://www.loyalbooks.com/download/text/Modern-Utopia-by-H-G-Wells.txt

Extracts from Adam's Diary,Mark Twain,Publication date 1904,United States,[],http://www.loyalbooks.com/download/text/Extracts-from-Adams-Diary-by-Mark-Twain.txt

Erewhon,Samuel Butler,Publication date 1872,United Kingdom,[],http://www.loyalbooks.com/download/text/Erewhon-by-Samuel-Butler.txt

The New Jerusalem,G. K. Chesterton,Publication date 1920,null,[],http://www.loyalbooks.com/download/text/New-Jerusalem-by-G-K-Chesterton.txt

The Return of Tarzan,Edgar Rice Burroughs,Publication date 1913,United States,[],http://www.loyalbooks.com/download/text/The-Return-of-Tarzan-by-Edgar-Rice-Burroughs.txt

Fungus the Bogeyman,Raymond Briggs,1977 Hamish Hamilton,England,[],http://www.loyalbooks.com/download/text/Book-6737.txt

Babbitt,Sinclair Lewis,Publication date 1922,United States,[],http://www.loyalbooks.com/download/text/Babbitt-by-Sinclair-Lewis.txt

The Book of the Damned,Charles Hoy Fort,Publication date 1919,null,[],http://www.loyalbooks.com/download/text/Book-of-the-Damned-by-Charles-Fort.txt

